{
  "apps": [{
    "name": "logSvr",
    "cwd": "./logSvr",
    "script": "node index.js",
    "log_date_format": "YYYY-MM-DD HH:mm Z",
    "error_file": "../runtime/log/logSvr/err.log",
    "out_file": "../runtime/log/logSvr/out.log",
    "pid_file": "../runtime/pids/logSvr.pid",
    "instances": 1,
    "min_uptime": "200s",
    "max_restarts": 10,
    "max_memory_restart": "1M",
    "cron_restart": "1 0 * * *",
    "watch": true,
    "merge_logs": true,
    "exec_interpreter": "node",
    "exec_mode": "fork",
    "autorestart": true,
    "vizion": false
  }, {
    "name": "bizSvr",
    "cwd": "./bizSvr",
    "script": "bin/www",
    "log_date_format": "YYYY-MM-DD HH:mm Z",
    "error_file": "../runtime/log/bizSvr/err.log",
    "out_file": "../runtime/log/bizSvr/out.log",
    "pid_file": "../runtime/pids/bizSvr.pid",
    "instances": 1,
    "min_uptime": "200s",
    "max_restarts": 10,
    "max_memory_restart": "1M",
    "cron_restart": "1 0 * * *",
    "watch": true,
    "merge_logs": true,
    "exec_interpreter": "node",
    "exec_mode": "fork",
    "autorestart": true,
    "vizion": false
  }]
}